<application>
  <component name="FileTypeManager" version="18">
    <extensionMap>
      <mapping ext="graphqlconfig" type="JSON" />
      <mapping ext="main.kts" type="Kotlin" />
      <mapping ext="gradle.kts" type="Kotlin" />
      <removed_mapping ext="apk" approved="true" type="APK" />
      <removed_mapping ext="graphqlconfig" approved="true" type="GraphQL Config" />
      <removed_mapping ext="java" approved="true" type="JAVA" />
      <removed_mapping ext="psd" approved="true" type="Image" />
    </extensionMap>
  </component>
</application>