<application>
  <component name="ProjectManager">
    <defaultProject>
      <component name="PropertiesComponent">{
  &quot;keyToString&quot;: {
    &quot;settings.editor.selected.configurable&quot;: &quot;AndroidSdkUpdater&quot;
  }
}</component>
      <component name="WindowStateProjectService">
        <state x="185" y="62" key="SettingsEditor" timestamp="1710839462502">
          <screen x="0" y="29" width="1352" height="849" />
        </state>
        <state x="185" y="62" key="SettingsEditor/0.29.1352.849" timestamp="1710839462502" />
      </component>
    </defaultProject>
  </component>
</application>