<keymap version="1" name="macOS copy" parent="Mac OS X 10.5+">
  <action id="ActivateAndroidProfilerToolWindow">
    <keyboard-shortcut first-keystroke="meta 6" />
  </action>
  <action id="ActivateBookmarksToolWindow" />
  <action id="ActivateDebugToolWindow">
    <keyboard-shortcut first-keystroke="meta 4" />
  </action>
  <action id="ActivateFindToolWindow" />
  <action id="ActivateLayoutInspectorToolWindow">
    <keyboard-shortcut first-keystroke="meta 7" />
  </action>
  <action id="ActivateLogcatToolWindow">
    <keyboard-shortcut first-keystroke="meta 3" />
  </action>
  <action id="ActivateProblemsViewToolWindow" />
  <action id="ActivateRunToolWindow" />
  <action id="ActivateServicesToolWindow" />
  <action id="ActivateStructureToolWindow">
    <keyboard-shortcut first-keystroke="meta 5" />
  </action>
  <action id="ActivateTerminalToolWindow">
    <keyboard-shortcut first-keystroke="meta 8" />
  </action>
  <action id="ActivateYouTrackToolWindow">
    <keyboard-shortcut first-keystroke="meta 2" />
  </action>
  <action id="CIDR.Lang.IntroduceDefine" />
  <action id="CIDR.Lang.IntroduceTypedef" />
  <action id="ChangesView.Move" />
  <action id="CommentByBlockComment" />
  <action id="Diff.NextChange" />
  <action id="Diff.PrevChange" />
  <action id="EditorCloneCaretAbove">
    <keyboard-shortcut first-keystroke="alt k" />
  </action>
  <action id="EditorCloneCaretBelow">
    <keyboard-shortcut first-keystroke="alt j" />
  </action>
  <action id="FileChooser.GotoModule" />
  <action id="FileChooser.GotoProject" />
  <action id="Git.Commit.And.Push.Executor" />
  <action id="GotoSuperMethod" />
  <action id="MethodDown" />
  <action id="MethodUp" />
  <action id="MoveStatementDown">
    <keyboard-shortcut first-keystroke="meta alt j" />
  </action>
  <action id="MoveStatementUp">
    <keyboard-shortcut first-keystroke="meta alt k" />
  </action>
  <action id="NextProjectWindow">
    <keyboard-shortcut first-keystroke="shift ctrl n" />
  </action>
  <action id="NextTab">
    <keyboard-shortcut first-keystroke="shift meta close_bracket" />
  </action>
  <action id="PreviousTab">
    <keyboard-shortcut first-keystroke="shift meta open_bracket" />
  </action>
  <action id="ReopenClosedTab">
    <keyboard-shortcut first-keystroke="meta u" />
  </action>
  <action id="RestoreDefaultLayout" />
  <action id="ShowContent" />
  <action id="SplitVertically">
    <keyboard-shortcut first-keystroke="meta #10000a7" />
  </action>
  <action id="SurroundWithLiveTemplate" />
  <action id="Vcs.MoveChangedLinesToChangelist" />
  <action id="android.deploy.ApplyChanges">
    <keyboard-shortcut first-keystroke="ctrl meta e" />
  </action>
  <action id="android.deploy.CodeSwap">
    <keyboard-shortcut first-keystroke="shift ctrl meta e" />
  </action>
  <action id="copilot.disposeInlays" />
  <action id="org.intellij.plugins.markdown.ui.actions.styling.InsertImageAction" />
</keymap>